
USE [Clinica2024]
GO



 

insert into tb_especialidad values(1,'Otorrinolaringologia'); 
insert into tb_especialidad values(2,'Gatroenterologia') ;
insert into tb_especialidad values(3,'Medicina General') ;
insert into tb_especialidad values(4,'Dermatologia') ;
insert into tb_especialidad values(5,'urologia') ;
insert into tb_especialidad values(6,'Podologia') ;
insert into tb_especialidad values(7,'Radiologia') ;
insert into tb_especialidad values(8,'Ginecologia') ;
insert into tb_especialidad values(9,'Pediatria') ;





insert into  tb_tipoDocumento  values(1,'DNI') ;
insert into  tb_tipoDocumento  values(2,'CARNET DE EXTRANJERÍA') ;
insert into  tb_tipoDocumento  values(3,'PASAPORTE') ;




INSERT INTO tb_distrito values(1,'Lima-Cercado')  ;
INSERT INTO tb_distrito values(2,'Jesus Maria')  ;
INSERT INTO tb_distrito values(3,'Rimac')  ;
INSERT INTO tb_distrito values(4,'Magdalena'); 
INSERT INTO tb_distrito values(5,'Pueblo Libre'); 
INSERT INTO tb_distrito values(6,'Miraflores') ;
INSERT INTO tb_distrito values(7,'San Isidro') ;
INSERT INTO tb_distrito values(8,'Surquillo') ;
INSERT INTO tb_distrito values(9,'San Martin de Porres') ;
INSERT INTO tb_distrito values(10,'San Juan de Miraflores'); 
INSERT INTO tb_distrito values(11,'Lince') ;
INSERT INTO tb_distrito values(12,'La Victoria'); 
INSERT INTO tb_distrito values(13,'La Molina') ;
INSERT INTO tb_distrito values(14,'San Luis') ;
INSERT INTO tb_distrito values(15,'San Borja') ;
INSERT INTO tb_distrito values(16,'Los Olivos') ;
INSERT INTO tb_distrito values(17,'San Juan de Lurigancho'); 
INSERT INTO tb_distrito values(18,'Villa El Salvador') ;
INSERT INTO tb_distrito values(19,'Villa Maria del Triunfo'); 
INSERT INTO tb_distrito values(20,'Chorrillos');

 

insert into tb_medico values('M0001','BRUCE HAMMER'		,  'ABARCA', 		'MENDOZA', 		1,'51852356','944798665','B.ABARCA@clinicarp.com', 	1,1,	'AV. INDEPENDENCIA Nro. 241',         1); 
insert into tb_medico values('M0002','JUAN CARLOS' 		,  'ALIAGA', 		'VALERO', 		1,'00883689','939971078','J.ALIAGA@clinicarp.com', 	1,4,	'AV. 20 DE NOVIEMBRE Nro.1024',       1); 
insert into tb_medico values('M0003','JENRY' 					,  'ARENAS', 		'AGUIRRE', 		1,'23138013','979672047','J.ARENAS@clinicarp.com', 	1,8,	'AV. 5 DE MAYO Nro. 1652',            1); 
insert into tb_medico values('M0004','JHONNY MIGUEL' 	,  'BACA', 	 		'DAVILA', 		1,'14308553','999492918','J.BACA@clinicarp.com', 	 	1,2,	'AV. LIBERTAD Nro. 495',              1); 
insert into tb_medico values('M0005','RENZO DIQUEZ' 		,'BANCES', 		'MORALES', 		2,'88153018','979860334','R.BANCES@clinicarp.com', 	2,6,	'CALLE MORELOS Nro. 44',              1); 
insert into tb_medico values('M0006','MARTIN EDUARDO'	,  'BENITES',		'GARCIA', 		2,'08134169','921906897','M.BENITES@clinicarp.com',	2,17,	'CALLE HIDALGO Nro.96',              1); 
insert into tb_medico values('M0007','CARLOS JAVIER' 	,  'CANAZA', 		'PARI', 			1,'18335038','913924646','C.CANAZA@clinicarp.com', 	2,5,	'JR. ALDAMA Nro.508',                 1); 
insert into tb_medico values('M0008','VICTOR HUGO' 		,  'CARRION',		'MENDOZA', 		2,'27432196','987329893','V.CARRION@clinicarp.com',	2,10,	'JR. MATAMOROS Nro. 291',            1); 
insert into tb_medico values('M0009','HUGO ALFREDO'		,  'CISNEROS',	'YLLANES', 		1,'03994896','957836826','H.CISNEROS@clinicarp.com',	3,11,	'JR. MOLINOS Nro. 388',              1); 
insert into tb_medico values('M0010','JAIRAM ANER' 		,  'DE LA CRUZ','ANGELES', 		2,'73745137','942625643','J.DELACRUZ@clinicarp.com', 3,15,	'AV. COLONIAL Nro. 1652',            1); 
insert into tb_medico values('M0011','CARLOS DANIEL' 	,  'FAJARDO', 	'ORELLANA', 	1,'52065617','947013469','C.FAJARDO@clinicarp.com', 	3,3,	'AV. LARCO Nro. 495',                 1); 
insert into tb_medico values('M0012','KEVIN ELVIZ' 		,  'JAUREGUI', 	'FERNANDEZ', 	1,'68654880','935012613','K.JAUREGUI@clinicarp.com', 4,7,	'CALLE SANTA CRUZ Nro. 44',           1); 
insert into tb_medico values('M0013','LUZ MARIA'				,'MARTINEZ', 	'PALOMINO', 	1,'17168349','983983721','L.MARTINEZ@clinicarp.com', 9,9,	'CALLE CARCAMO Nro.96',               1); 
insert into tb_medico values('M0014','ANGEL RUBEN' 		,  'LENGUA', 		'MARTINEZ', 	1,'26831459','913315753','A.LENGUA@clinicarp.com', 	4,12,	'JR. LIMA Nro.508',                  1); 
insert into tb_medico values('M0015','ANGEL RUBEN' 		,  'SALAZAR', 	'MARTELL', 		2,'06249261','916957642','A.SALAZAR@clinicarp.com', 	4,14,	'JR. TARMA Nro. 291',                1); 
insert into tb_medico values('M0016','JOSE BRIAN' 			,'LOPEZ', 		'SALAZAR', 		2,'73912394','988577322','J.LOPEZ@clinicarp.com', 		5,2,	'AV. AREQUIPA Nro. 1241',             1); 
insert into tb_medico values('M0017','GIANPIERO' 			,  'MARTINEZ', 	'DIGGESTI', 	2,'21952741','990117769','G.MARTINEZ@clinicarp.com', 5,13,	'AV. ARENALES Nro.3045',             1); 
insert into tb_medico values('M0018','HERMAN' 					,'NAVARRO', 	'AGUSTIN', 		1,'95407638','980883572','H.NAVARRO@clinicarp.com', 	5,4,	'AV. PASEO DE LA REPUBLICA Nro. 666', 1); 
insert into tb_medico values('M0019','JUAN JOSE' 			,  'ORELLANA', 	'ESPIRITU', 	1,'56023938','936177548','J.ORELLANA@clinicarp.com', 5,6,	'AV. LOS GERANIOS Nro.100',           1); 
insert into tb_medico values('M0020','ALVARO ELI'			,  'PACHECO', 	'RODRIGUEZ', 	1,'09892315','931994132','A.PACHECO@clinicarp.com', 	6,9,	'JR. WILSON Nro. 684',                1); 
insert into tb_medico values('M0021','KELLY DENISSE' 	,  'REYES', 		'PEREZ', 			2,'28924852','975112753','K.REYES@clinicarp.com', 		6,12,	'AV. MANTARANA Nro.439',             1); 
insert into tb_medico values('M0022','MARÍA ESTEFANI'	,  'RODRIGUEZ', 'AVALOS', 		2,'97532843','962943597','M.RODRIGUEZ@clinicarp.com',6,10,	'JR. CUZCO Nro. 784',                1); 
insert into tb_medico values('M0023','LUIS ALBERTO' 		,'RUIZ', 			'MORALES', 		1,'50464868','953894483','L.RUIZ@clinicarp.com', 		9,9,	'AV. BRASIL Nro.2223',                1);                                                                                     
insert into tb_medico values('M0024','MARTIN' 					,'SOTELO', 		'CAMACHO',		1,'64574907','965983371','M.SOTELO@clinicarp.com', 	7,13,	'CALLE DON BOSCO Nro.452',           1); 
insert into tb_medico values('M0025','DIANA' 					,  'RENGIFO', 	'DUARTE',			1,'08772713','976407433','D.RENGIFO@clinicarp.com', 	8,15,	'CALLE LAS FLORES Nro.641',          1); 
insert into tb_medico values('M0026','MONIQUE' 				,  'REYNA', 		'CHOQUE', 		1,'54032800','912421115','M.REYNA@clinicarp.com', 		8,20,	'CALLE LOS GERANIOS Nro.412',        1); 
insert into tb_medico values('M0027','ARACELLY' 				,'ROQUE', 		'SALAZAR', 		1,'05418699','990307261','A.ROQUE@clinicarp.com', 		9,18,	'JR LA RAMBLA Nro.665',      		    1); 
insert into tb_medico values('M0028','MILAGROS' 				,'SAENZ', 		'LILAN', 			1,'32227491','951165507','M.SAENZ@clinicarp.com', 		9,16,	'CALLE LAS BEGONIAS Nro.458',        1); 
insert into tb_medico values('M0029','XIMENA ISABEL'		,'MINO', 			'SAAVEDRA', 	1,'85797990','945058900','X.MINO@clinicarp.com', 		9,15,	'JR. JORGE CHAVEZ Nro.1248',         1);





 
insert into tb_paciente values('P0001','RANDY DANILO'					,'SEDANO' 			,'MANTILLA', 		1, '79658478','9658294786','R_SEDANO@GMAIL.COM' 				,	1   ,'AV. 30 SETIEMBRE Nro. 789',          1);    
insert into tb_paciente values('P0002','ISAAC'									,'SILVERA' 			,'SIANCAS', 		1, '27728162','9238409057','I_SILVERA@HOTMAIL.COM' 			, 4   ,'AV. 20 DE NOVIEMBRE Nro.2324',       1);    
insert into tb_paciente values('P0003','FRANK JUNIOR'					,'VASQUEZ' 			,'FERRE', 			1, '80948406','9673886203','F_VASQUEZ@HOTMAIL.COM' 			, 8   ,'AV. 5 DE MAYO Nro. 2546',            1);    
insert into tb_paciente values('P0004','MARIA LUISA'						,'VEGA' 				,'FLORES', 			1, '09475335','9098034430','M_VEGA@HOTMAIL.COM' 				, 2   ,'AV. LARCO HERRERA Nro. 684',         1);    
insert into tb_paciente values('P0005','JOSE ANTONIO'					,'VENTURA' 			,'PEREZ', 			2, '67795023','9467580091','J_VENTURA@GMAIL.COM' 			  , 6   ,'CALLE MORELOS Nro. 485',             1);    
insert into tb_paciente values('P0006','RUTH'									,'ROJAS' 				,'MENDOZA', 		2, '87196193','9978242212','R_ROJAS@HOTMAIL.COM' 				, 17  ,'AV. LA MARINA Nro. 241',         		 1);        
insert into tb_paciente values('P0007','MARITZA'								,'CAMPOS' 			,'BALLESTEROS', 1, '33518900','9628490465','M_CAMPOS@HOTMAIL.COM' 			, 5   ,'AV. TOMAS MARSANO Nro.1024',       	 1);        
insert into tb_paciente values('P0008','CARLOS ALBERTO'				,'VERA' 				,'CHIHUAN', 		3, '07401056','9434134321','C_VERA@HOTMAIL.COM' 				, 10  ,'AV. ALFONSO UGARTE Nro. 1652',       1);        
insert into tb_paciente values('P0009','DENNIS OBED'						,'ALMONTE' 			,'RIVERA', 			1, '93975294','9449384756','D_ALMONTE@HOTMAIL.COM' 			, 11  ,'AV. PARDO Nro. 495',              	 1);        
insert into tb_paciente values('P0010','WALTER ALFONSO'				,'BRICENO' 			,'PORTILLA', 		2, '83107923','9411993638','W_BRICENO@GMAIL.COM' 			  , 15  ,'CALLE BODEGONES Nro. 44',            1);        
insert into tb_paciente values('P0011','EMILIO YANG'						,'CARDENAS' 		,'ZEGARRA', 		1, '00616984','9574101660','E_CARDENAS@HOTMAIL.COM' 		, 3   ,'CALLE HIDALGO Nro.96',               1);         
insert into tb_paciente values('P0012','JESUS JOEL'						,'VIDAL' 				,'ORBEGOZO', 		1, '78399951','9763508996','J_VIDAL@YAHOO.COM' 				  , 7   ,'JR. PROCERES Nro.508',               1);        
insert into tb_paciente values('P0013','CARLA HELIN'						,'CAMPOS' 			,'CASTILLO', 		1, '27845219','9696116963','C_CAMPOS@GMAIL.COM' 			  , 9   ,'JR. OLGUIN Nro. 291',             	 1);         
insert into tb_paciente values('P0014','PEDRO CARLOS'					,'VILCHEZ' 			,'GALAN', 			1, '16492935','9661177822','P_VILCHEZ@GMAIL.COM' 			  , 12  ,'JR. VASCONCELLOS Nro. 388',          1);         
insert into tb_paciente values('P0015','DANIELA'								,'ANDRADE' 			,'ZUASNABAR', 	2, '98372312','9112840186','D_ANDRADE@GMAIL.COM' 			  , 14  ,'AV. WILSON Nro. 1652',             	 1);         
insert into tb_paciente values('P0016','JOHEL'									,'CHUCHON' 			,'VASQUEZ', 		2, '34360418','9994538390','J_CHUCHON@GMAIL.COM' 			  , 1   ,'AV. TARATA Nro. 495',                1);        
insert into tb_paciente values('P0017','CINTHYA MILAGROS'			,'HUARANCCA' 		,'TAIPE', 			2, '65408654','9737302504','C_HUARANCCA@GMAIL.COM' 		  , 13  ,'CALLE BERMUDEZ Nro. 44',           	 1);        
insert into tb_paciente values('P0018','MERY YAKELY'						,'FLORES' 			,'VILLAR', 			1, '00246209','9328357118','M_FLORES@GMAIL.COM' 			  , 4   ,'CALLE CALLAO Nro.96',                1);        
insert into tb_paciente values('P0019','DANIELA LUZ'						,'OSORIO' 			,'MALDONADO', 	1, '53919053','9215551669','D_OSORIO@GMAIL.COM' 			  , 6   ,'JR. HUARAZ Nro.508',                 1);         
insert into tb_paciente values('P0020','CHARLY ELADIO'					,'GUITTON' 			,'ARTEAGA', 		1, '74352671','9679107915','C_GUITTON@YAHOO.COM' 			  , 9   ,'JR. TARMA Nro. 291',                 1);         
insert into tb_paciente values('P0021','VICTOR RICARDO'				,'LIZARBE' 			,'GUEVARA', 		2, '40512425','9507586630','V_LIZARBE@YAHOO.COM' 			  , 12  ,'AV. HUANUCO Nro. 1241',              1);        
insert into tb_paciente values('P0022','JUAN CARLOS'						,'HEREDIA' 			,'HINOSTROZA',  2, '65565032','9860339477','J_HEREDIA@YAHOO.COM' 			  , 10  ,'AV. ARENALES Nro.3045',              1);         
insert into tb_paciente values('P0023','ANA SOFIA'							,'TORRES' 			,'VARA', 				1, '31339161','9620147742','A_TORRES@YAHOO.COM' 			  , 9   ,'AV. PASEO DE LA REPUBLICA Nro. 666', 1);        
insert into tb_paciente values('P0024','ROCIO'									,'ROJAS' 				,'SALDANA', 		1, '15791128','9347296570','R_ROJAS@YAHOO.COM' 				  , 13  ,'AV. LOS GERANIOS Nro.100',           1);        
insert into tb_paciente values('P0025','PEDRO'									,'MEDINA' 			,'JUAREZ', 			1, '48674909','9374349669','P_MEDINA@YAHOO.COM' 			  , 15  ,'JR. WILSON Nro. 684',                1);        
insert into tb_paciente values('P0026','KARINA'								,'PEREZ' 				,'VENTURA', 		1, '23766610','9784461161','K_PEREZ@GMAIL.COM' 				  , 1   ,'AV. ZORRITOS  Nro.439',              1);         
insert into tb_paciente values('P0027','PAOLA'									,'SAAVEDRA' 		,'POVES', 			1, '00053981','9617471500','P_SAAVEDRA@GMAIL.COM' 		  , 18  ,'JR. CUZCO Nro. 784',                 1);         
insert into tb_paciente values('P0028','FIDEL'									,'ALVAREZ' 			,'CASTANEDA', 	1, '36892041','9149220727','F_ALVAREZ@GMAIL.COM' 			  , 16  ,'AV. BRASIL Nro.2223',                1);        
insert into tb_paciente values('P0029','KAORI'									,'NAKAYAMA' 		,'OSHIRO', 			2, '50487247','9350779855','K_NAKAYAMA@GMAIL.COM' 		  , 15  ,'CALLE DON BOSCO Nro.452',            1);         
insert into tb_paciente values('P0030','DIEGO'									,'FLORES' 			,'TORRES', 			1, '32009374','9324361868','D_FLORES@GMAIL.COM' 			  , 1   ,'CALLE LAS FLORES Nro.641',           1);       		
insert into tb_paciente values('P0031','LIZBETH'								,'GONZALES' 		,'JULIAN', 			1, '98802280','9334679870','L_GONZALES@GMAIL.COM' 		  , 1   ,'CALLE LOS GERANIOS Nro.412',         1);          
insert into tb_paciente values('P0032','WALTER'								,'VALDIVIESO' 	,'SOLANO', 			1, '07788484','9543964637','W_VALDIVIESO@YAHOO.COM' 	  , 8   ,'JR LA RAMBLA Nro.665',      		     1);          
insert into tb_paciente values('P0033','MIGUEL'								,'DIAZ' 				,'CASTILLO', 		1, '44901126','9912364100','M_DIAZ@GMAIL.COM' 				  , 2   ,'CALLE LAS BEGONIAS Nro.458',         1);          
insert into tb_paciente values('P0034','CRISTINA'							,'TORRES' 			,'DIAZ',				2, '67227542','9535117747','C_TORRES@HOTMAIL.COM' 			, 2   ,'JR. JORGE CHAVEZ Nro.1248',          1);          
insert into tb_paciente values('P0035','ALEJANDRO'							,'DOMINGUEZ' 		,'CASTANEDA', 	2, '49824046','9286860205','A_DOMINGUEZ@HOTMAIL.COM' 		, 17  ,'CALLE HIDALGO Nro.96',               1);        
insert into tb_paciente values('P0036','JOSE'									,'CHACON' 			,'ALVARADO', 		1, '57589365','9659516403','J_CHACON@HOTMAIL.COM' 			, 5   ,'JR. ALDAMA Nro.508',                 1);       
insert into tb_paciente values('P0037','VICTOR FRANCISCO'			,'GUEVARA' 			,'MALDONADO', 	2, '53386846','9613573303','V_GUEVARA@YAHOO.COM' 			  , 10  ,'JR. MATAMOROS Nro. 291',             1);        
insert into tb_paciente values('P0038','NELLY'									,'PASALAGUA' 		,'RIOS', 				1, '97252914','9520757867','N_PASALAGUA@HOTMAIL.COM' 		, 11  ,'JR. MOLINOS Nro. 388',               1);        
insert into tb_paciente values('P0039','DANIELA'								,'SALVATIERRA' 	,'GARCIA', 			2, '72733469','9968483804','D_SALVATIERRA@HOTMAIL.COM' 	, 15  ,'AV. COLONIAL Nro. 1652',             1);        
insert into tb_paciente values('P0040','LIAN WU'								,'YANG' 				,'HO', 					1, '21514051','9654409633','L_YANG@HOTMAIL.COM' 				, 3   ,'AV. LARCO Nro. 495',                 1);       
insert into tb_paciente values('P0041','LUZ DANIELA'						,'SOLANO' 			,'RIVADENEYRA', 1, '76964350','9396404850','L_SOLANO@HOTMAIL.COM' 			, 2   ,'CALLE SANTA CRUZ Nro. 44',           1);       
insert into tb_paciente values('P0042','RAUL'									,'ESPINOZA' 		,'FERNANDEZ', 	3, '95845355','9670385277','R_ESPINOZA@HOTMAIL.COM' 		, 9   ,'CALLE CARCAMO Nro.96',               1);       
insert into tb_paciente values('P0043','MICHAEL ANDRE'					,'GUISSE' 			,'RAMIREZ', 		1, '31896170','9220386531','M_GUISSE@YAHOO.COM' 			  , 12  ,'JR. LIMA Nro.508',                   1);        
insert into tb_paciente values('P0044','FERNANDO'							,'VELIZ' 				,'PRIETO', 			2, '04882891','9942346270','F_VELIZ@HOTMAIL.COM' 				, 14  ,'JR. TARMA Nro. 291',                 1);        
insert into tb_paciente values('P0045','CINTHYA'								,'TAIPE' 				,'HINOSTROZA', 	2, '50695943','9229171321','C_TAIPE@YAHOO.COM' 				  , 2   ,'AV. AREQUIPA Nro. 1241',             1);       
insert into tb_paciente values('P0046','CAROLINA'							,'REYES' 				,'PACHAS', 			2, '57538942','9410151276','C_REYES@HOTMAIL.COM' 				, 13  ,'AV. ARENALES Nro.3045',              1);        
insert into tb_paciente values('P0047','ISABEL'								,'MALPARTIDA' 	,'RODRIGUEZ', 	1, '84345648','9231730548','I_MALPARTIDA@HOTMAIL.COM' 	, 4   ,'AV. PASEO DE LA REPUBLICA Nro. 666', 1);       
insert into tb_paciente values('P0048','MIRIAM'								,'VERA' 				,'RUIZ', 				3, '74802514','9213096996','M_VERA@HOTMAIL.COM' 				, 6   ,'AV. LORETO Nro.100',			           1);       
insert into tb_paciente values('P0049','KATHERINE'							,'SALAZAR' 			,'BALLON', 			1, '09023790','9989318728','K_SALAZAR@HOTMAIL.COM' 			, 9   ,'JR. WILSON Nro. 684',                1);       
insert into tb_paciente values('P0050','JULISSA'								,'POVES' 				,'ALARCON', 		2, '69124798','9559793284','J_POVES@GMAIL.COM' 				  , 12  ,'AV. MANTARANA Nro.439',              1);        
insert into tb_paciente values('P0051','JUAN CARLOS'						,'SANCHEZ' 			,'AREVALO', 		2, '65314137','9224314703','J_SANCHEZ@GMAIL.COM' 			  , 10  ,'JR. CUZCO Nro. 784',                 1);        
insert into tb_paciente values('P0052','EDUARDO'								,'CHERRES' 			,'CRUZ', 				1, '33106345','9589028422','E_CHERRES@GMAIL.COM' 			  , 9   ,'AV. BRASIL Nro.2223',                1);       
insert into tb_paciente values('P0053','VICTOR'								,'ROJAS'			  ,'ORIHUELA', 		1, '67014141','9648790887','V_ROJAS@GMAIL.COM'			    , 13  ,'CALLE INGARUCA  Nro.452',            1);        
insert into tb_paciente values('P0054','DIANA'									,'DANCUART' 		,'ROMERO', 			3, '63084106','9874309449','D_DANCUART@GMAIL.COM' 		  , 15  ,'CALLE LAS ORQUIDEAS Nro.641',        1);        
insert into tb_paciente values('P0055','KATYA'									,'MENDOZA' 			,'VELASQUEZ', 	1, '83005237','9659186490','K_MENDOZA@HOTMAIL.COM' 			, 1   ,'CALLE LOS GERANIOS Nro.412',         1);        
insert into tb_paciente values('P0056','RENZO'									,'SANTISTEBAN' 	,'VALDEZ', 			1, '17077626','9552872426','R_SANTISTEBAN@HOTMAIL.COM' 	, 18  ,'JR LA RAMBLA Nro.665',      		     1);        
insert into tb_paciente values('P0057','DARIO'									,'HUAMAN' 			,'RAMIREZ', 		1, '91751295','9864804334','D_HUAMAN@GMAIL.COM' 			  , 16  ,'CALLE LAS BEGONIAS Nro.458',         1);        
insert into tb_paciente values('P0058','MANUEL'								,'TORRES' 			,'VALVERDE', 		3, '12652112','9215660421','M_TORRES@GMAIL.COM' 			  , 1   ,'JR. TACNA Nro.1248',  			         1);        
                                                                             
  
 

INSERT INTO tb_cita VALUES(10001,'20190810', '9:00:00','M0001','P0001',1,''); 
INSERT INTO tb_cita VALUES(10002,'20190810', '9:30:00','M0003','P0002',1,''); 
INSERT INTO tb_cita VALUES(10003,'20190810','10:00:00','M0008','P0003',1,'');
INSERT INTO tb_cita VALUES(10004,'20190811','10:30:00','M0001','P0004',1,''); 
INSERT INTO tb_cita VALUES(10005,'20190811','11:00:00','M0002','P0005',1,''); 
INSERT INTO tb_cita VALUES(10006,'20190814','11:30:00','M0004','P0006',1,''); 
INSERT INTO tb_cita VALUES(10007,'20190814','12:00:00','M0009','P0007',1,''); 
INSERT INTO tb_cita VALUES(10008,'20190814','12:30:00','M0012','P0008',1,''); 
INSERT INTO tb_cita VALUES(10009,'20190816','14:00:00','M0003','P0012',1,''); 
INSERT INTO tb_cita VALUES(10010,'20190816','14:30:00','M0009','P0014',1,''); 
INSERT INTO tb_cita VALUES(10011,'20190818','15:00:00','M0018','P0009',1,''); 
INSERT INTO tb_cita VALUES(10012,'20190818','15:30:00','M0014','P0015',1,''); 
INSERT INTO tb_cita VALUES(10013,'20190820','16:00:00','M0015','P0010',1,''); 
INSERT INTO tb_cita VALUES(10014,'20190820','16:30:00','M0005','P0013',1,''); 
INSERT INTO tb_cita VALUES(10015,'20190823','17:00:00','M0017','P0011',1,''); 
INSERT INTO tb_cita VALUES(10016,'20190826','17:30:00','M0019','P0016',1,'');  
INSERT INTO tb_cita VALUES(10017,'20190826','18:00:00','M0004','P0018',1,''); 
INSERT INTO tb_cita VALUES(10018,'20190829','18:30:00','M0022','P0020',1,''); 
INSERT INTO tb_cita VALUES(10019,'20190831', '9:00:00','M0020','P0017',1,''); 
INSERT INTO tb_cita VALUES(10020,'20190902', '9:30:00','M0005','P0021',1,'');  
INSERT INTO tb_cita VALUES(10021,'20190902','10:00:00','M0010','P0019',1,''); 
INSERT INTO tb_cita VALUES(10022,'20190906','10:30:00','M0016','P0001',1,'');  
INSERT INTO tb_cita VALUES(10023,'20190906','11:00:00','M0006','P0002',1,'');  
INSERT INTO tb_cita VALUES(10024,'20190910','11:30:00','M0003','P0003',1,'');  
INSERT INTO tb_cita VALUES(10025,'20190910','12:00:00','M0007','P0004',1,'');  
INSERT INTO tb_cita VALUES(10026,'20190910','12:30:00','M0008','P0005',1,'');  
INSERT INTO tb_cita VALUES(10027,'20190914','14:00:00','M0014','P0006',1,'');  
INSERT INTO tb_cita VALUES(10028,'20190914','14:30:00','M0018','P0007',2,'Cita Anulada'); 
INSERT INTO tb_cita VALUES(10029,'20190919','15:00:00','M0007','P0008',1,''); 
INSERT INTO tb_cita VALUES(10030,'20190919','15:30:00','M0003','P0012',1,''); 
INSERT INTO tb_cita VALUES(10031,'20190919','16:00:00','M0009','P0014',1,''); 
INSERT INTO tb_cita VALUES(10032,'20190922','16:30:00','M0010','P0009',1,''); 
INSERT INTO tb_cita VALUES(10033,'20190922','17:00:00','M0012','P0015',1,''); 
INSERT INTO tb_cita VALUES(10034,'20190925','17:30:00','M0011','P0010',1,''); 
INSERT INTO tb_cita VALUES(10035,'20190925','18:00:00','M0011','P0013',1,''); 
INSERT INTO tb_cita VALUES(10036,'20190925','18:30:00','M0015','P0011',1,''); 
INSERT INTO tb_cita VALUES(10037,'20190927', '9:00:00','M0019','P0016',1,''); 
INSERT INTO tb_cita VALUES(10038,'20190927', '9:30:00','M0021','P0018',1,''); 
INSERT INTO tb_cita VALUES(10039,'20190928','10:00:00','M0022','P0020',1,'');  
INSERT INTO tb_cita VALUES(10040,'20190929','10:30:00','M0021','P0017',1,'');  
INSERT INTO tb_cita VALUES(10041,'20190930','11:00:00','M0022','P0021',1,'');  
INSERT INTO tb_cita VALUES(10042,'20190930','11:30:00','M0023','P0019',1,'');  
INSERT INTO tb_cita VALUES(10043,'20191002','12:00:00','M0001','P0022',1,''); 
INSERT INTO tb_cita VALUES(10044,'20191002','12:30:00','M0003','P0023',1,'');   
INSERT INTO tb_cita VALUES(10045,'20191005','14:00:00','M0005','P0028',1,'');   
INSERT INTO tb_cita VALUES(10046,'20191005','14:30:00','M0007','P0025',1,'');   
INSERT INTO tb_cita VALUES(10047,'20191005','15:00:00','M0009','P0026',1,'');   
INSERT INTO tb_cita VALUES(10048,'20191008','15:30:00','M0011','P0024',1,'');  
INSERT INTO tb_cita VALUES(10049,'20191008','16:00:00','M0013','P0027',1,'');  
INSERT INTO tb_cita VALUES(10050,'20191012','16:30:00','M0015','P0030',2,'Cita Anulada');  
INSERT INTO tb_cita VALUES(10051,'20191012','17:00:00','M0017','P0034',1,'');   
INSERT INTO tb_cita VALUES(10052,'20191013','17:30:00','M0019','P0033',1,'');   
INSERT INTO tb_cita VALUES(10053,'20191015','18:00:00','M0021','P0032',1,'');   
INSERT INTO tb_cita VALUES(10054,'20191015','18:30:00','M0023','P0031',1,'');   
INSERT INTO tb_cita VALUES(10055,'20191018', '9:00:00','M0002','P0035',1,'');   
INSERT INTO tb_cita VALUES(10056,'20191018', '9:30:00','M0004','P0029',1,'');   
INSERT INTO tb_cita VALUES(10057,'20191020','10:00:00','M0006','P0040',1,'');   
INSERT INTO tb_cita VALUES(10058,'20191020','10:30:00','M0008','P0042',2,'Cita Anulada');  
INSERT INTO tb_cita VALUES(10059,'20191022','11:00:00','M0010','P0038',1,'');  
INSERT INTO tb_cita VALUES(10060,'20191024','11:30:00','M0012','P0043',1,'');  
INSERT INTO tb_cita VALUES(10061,'20191024','12:00:00','M0014','P0045',1,'');  
INSERT INTO tb_cita VALUES(10062,'20191027','12:30:00','M0016','P0037',1,'');  
INSERT INTO tb_cita VALUES(10063,'20191027','14:00:00','M0018','P0041',1,'');  
INSERT INTO tb_cita VALUES(10064,'20191029','14:30:00','M0020','P0036',1,'');  
INSERT INTO tb_cita VALUES(10065,'20191030','15:00:00','M0022','P0044',1,'');  
INSERT INTO tb_cita VALUES(10066,'20191030','15:30:00','M0023','P0039',1,'');  
INSERT INTO tb_cita VALUES(10067,'20191031','16:00:00','M0001','P0001',1,''); 
INSERT INTO tb_cita VALUES(10068,'20191031','16:30:00','M0003','P0002',1,''); 
INSERT INTO tb_cita VALUES(10069,'20191031','17:00:00','M0008','P0003',1,''); 
INSERT INTO tb_cita VALUES(10070,'20191102','17:30:00','M0001','P0004',1,''); 
INSERT INTO tb_cita VALUES(10071,'20191102','18:00:00','M0002','P0005',1,''); 
INSERT INTO tb_cita VALUES(10072,'20191104','18:30:00','M0004','P0006',1,''); 
INSERT INTO tb_cita VALUES(10073,'20191107', '9:00:00','M0003','P0023',1,'');  
INSERT INTO tb_cita VALUES(10074,'20191107', '9:30:00','M0005','P0028',1,'');   
INSERT INTO tb_cita VALUES(10075,'20191110','10:00:00','M0007','P0025',1,'');   
INSERT INTO tb_cita VALUES(10076,'20191110','10:30:00','M0009','P0026',1,'');   
INSERT INTO tb_cita VALUES(10077,'20191110','11:00:00','M0011','P0024',1,'');   
INSERT INTO tb_cita VALUES(10078,'20191115','11:30:00','M0013','P0027',1,'');  
INSERT INTO tb_cita VALUES(10079,'20191115','12:00:00','M0015','P0030',2,'Cita Anulada');  
INSERT INTO tb_cita VALUES(10080,'20191119','12:30:00','M0017','P0034',1,'');   
INSERT INTO tb_cita VALUES(10081,'20191119','14:00:00','M0019','P0033',1,'');   
INSERT INTO tb_cita VALUES(10082,'20191124','14:30:00','M0018','P0007',1,'');  
INSERT INTO tb_cita VALUES(10083,'20191124','15:00:00','M0007','P0008',1,'');  
INSERT INTO tb_cita VALUES(10084,'20191128','15:30:00','M0003','P0012',2,'Cita Anulada'); 
INSERT INTO tb_cita VALUES(10085,'20191128','16:00:00','M0015','P0030',1,'');   
INSERT INTO tb_cita VALUES(10086,'20191129','16:30:00','M0009','P0014',1,'');  
INSERT INTO tb_cita VALUES(10087,'20191129','17:00:00','M0010','P0009',1,'');  
INSERT INTO tb_cita VALUES(10088,'20191130','17:30:00','M0012','P0015',1,'');  
INSERT INTO tb_cita VALUES(10089,'20191130','18:00:00','M0011','P0010',1,'');  
INSERT INTO tb_cita VALUES(10090,'20191130','18:30:00','M0003','P0012',1,'');  
INSERT INTO tb_cita VALUES(10091,'20191201', '9:00:00','M0011','P0015',1,'');  
INSERT INTO tb_cita VALUES(10092,'20191201', '9:30:00','M0015','P0010',1,'');  
INSERT INTO tb_cita VALUES(10093,'20191202','10:00:00','M0018','P0013',1,''); 
INSERT INTO tb_cita VALUES(10094,'20191202','10:30:00','M0023','P0011',2,'Cita Anulada'); 
INSERT INTO tb_cita VALUES(10095,'20191202','11:00:00','M0021','P0016',1,''); 
INSERT INTO tb_cita VALUES(10096,'20191205','11:30:00','M0019','P0018',1,''); 
INSERT INTO tb_cita VALUES(10097,'20191205','12:00:00','M0011','P0020',1,'');  
INSERT INTO tb_cita VALUES(10098,'20191209','12:30:00','M0002','P0017',1,'');  
INSERT INTO tb_cita VALUES(10099,'20191209','14:00:00','M0010','P0021',1,'');  
INSERT INTO tb_cita VALUES(10100,'20191210','14:30:00','M0004','P0019',1,'');  
INSERT INTO tb_cita VALUES(10101,'20191210','15:00:00','M0004','P0006',1,''); 
INSERT INTO tb_cita VALUES(10102,'20191212','15:30:00','M0018','P0023',1,'');  
INSERT INTO tb_cita VALUES(10103,'20191212','16:00:00','M0015','P0028',1,'');  
INSERT INTO tb_cita VALUES(10104,'20191213','16:30:00','M0023','P0011',1,''); 
INSERT INTO tb_cita VALUES(10105,'20191214','17:00:00','M0017','P0025',1,'');  
INSERT INTO tb_cita VALUES(10106,'20191214','17:30:00','M0019','P0026',1,'');  
INSERT INTO tb_cita VALUES(10107,'20191215','18:00:00','M0021','P0024',1,'');  
INSERT INTO tb_cita VALUES(10108,'20191215','18:30:00','M0023','P0027',1,'');  
INSERT INTO tb_cita VALUES(10109,'20191216', '9:00:00','M0004','P0006',1,''); 
INSERT INTO tb_cita VALUES(10110,'20191218', '9:30:00','M0005','P0030',1,'');  
INSERT INTO tb_cita VALUES(10111,'20191219','10:00:00','M0007','P0034',1,'');  
INSERT INTO tb_cita VALUES(10112,'20191219','10:30:00','M0009','P0033',1,'');  
INSERT INTO tb_cita VALUES(10113,'20191221','11:00:00','M0008','P0007',1,''); 
INSERT INTO tb_cita VALUES(10114,'20191221','11:30:00','M0017','P0008',1,''); 
INSERT INTO tb_cita VALUES(10115,'20191222','12:00:00','M0013','P0012',1,''); 
INSERT INTO tb_cita VALUES(10116,'20191222','12:30:00','M0023','P0030',1,'');  
INSERT INTO tb_cita VALUES(10117,'20191222','14:00:00','M0019','P0014',1,''); 
INSERT INTO tb_cita VALUES(10118,'20191223','14:30:00','M0020','P0009',1,''); 
INSERT INTO tb_cita VALUES(10119,'20191223','15:00:00','M0008','P0007',1,''); 
INSERT INTO tb_cita VALUES(10120,'20191223','15:30:00','M0022','P0015',1,''); 
INSERT INTO tb_cita VALUES(10121,'20191226','16:00:00','M0021','P0001',1,''); 
INSERT INTO tb_cita VALUES(10122,'20191226','16:30:00','M0023','P0002',1,''); 
INSERT INTO tb_cita VALUES(10123,'20191227','17:00:00','M0018','P0003',1,''); 
INSERT INTO tb_cita VALUES(10124,'20191227','17:30:00','M0021','P0004',1,''); 
INSERT INTO tb_cita VALUES(10125,'20191227','18:00:00','M0012','P0005',1,''); 
INSERT INTO tb_cita VALUES(10126,'20191228','18:30:00','M0014','P0006',1,''); 
INSERT INTO tb_cita VALUES(10127,'20191228', '9:00:00','M0007','P0007',1,''); 
INSERT INTO tb_cita VALUES(10128,'20191229', '9:30:00','M0013','P0008',1,''); 
INSERT INTO tb_cita VALUES(10129,'20191229','10:00:00','M0016','P0012',1,''); 
INSERT INTO tb_cita VALUES(10130,'20191230','10:30:00','M0003','P0014',1,''); 
INSERT INTO tb_cita VALUES(10131,'20191230','11:00:00','M0005','P0009',1,''); 
INSERT INTO tb_cita VALUES(10132,'20191230','11:30:00','M0004','P0015',1,''); 
INSERT INTO tb_cita VALUES(10133,'20191230','12:00:00','M0007','P0007',1,''); 
INSERT INTO tb_cita VALUES(10134,'20200103','12:30:00','M0024','P0003',1,''); 
INSERT INTO tb_cita VALUES(10135,'20200103','14:00:00','M0026','P0004',1,''); 
INSERT INTO tb_cita VALUES(10136,'20200104','14:30:00','M0027','P0046',1,''); 
INSERT INTO tb_cita VALUES(10137,'20200107','15:00:00','M0029','P0006',1,''); 
INSERT INTO tb_cita VALUES(10138,'20200107','15:30:00','M0028','P0007',1,''); 
INSERT INTO tb_cita VALUES(10139,'20200109','16:00:00','M0024','P0048',1,''); 
INSERT INTO tb_cita VALUES(10140,'20200109','16:30:00','M0028','P0049',1,''); 
INSERT INTO tb_cita VALUES(10141,'20200112','17:00:00','M0027','P0047',1,''); 
INSERT INTO tb_cita VALUES(10142,'20200112','17:30:00','M0025','P0009',1,''); 
INSERT INTO tb_cita VALUES(10143,'20200115','18:00:00','M0029','P0015',1,''); 
INSERT INTO tb_cita VALUES(10144,'20200115','18:30:00','M0029','P0007',1,''); 
INSERT INTO tb_cita VALUES(10145,'20200118', '9:00:00','M0023','P0027',1,'');  
INSERT INTO tb_cita VALUES(10146,'20200118', '9:30:00','M0025','P0030',1,'');  
INSERT INTO tb_cita VALUES(10147,'20200119','10:00:00','M0027','P0034',1,'');  
INSERT INTO tb_cita VALUES(10148,'20200120','10:30:00','M0029','P0033',1,'');  
INSERT INTO tb_cita VALUES(10149,'20200121','11:00:00','M0011','P0032',1,'');  
INSERT INTO tb_cita VALUES(10150,'20200125','11:30:00','M0013','P0031',1,'');  
INSERT INTO tb_cita VALUES(10151,'20200125','12:00:00','M0012','P0035',1,'');  
INSERT INTO tb_cita VALUES(10152,'20200128','12:30:00','M0014','P0029',1,'');  
INSERT INTO tb_cita VALUES(10153,'20200128','14:00:00','M0016','P0040',1,'');  
INSERT INTO tb_cita VALUES(10154,'20200129','14:30:00','M0018','P0042',1,'');  
INSERT INTO tb_cita VALUES(10155,'20200129','15:00:00','M0020','P0038',1,'');  
INSERT INTO tb_cita VALUES(10156,'20200130','15:30:00','M0012','P0043',1,'');  
INSERT INTO tb_cita VALUES(10157,'20200130','16:00:00','M0014','P0045',1,'');  
INSERT INTO tb_cita VALUES(10158,'20200130','16:30:00','M0029','P0037',1,'');
INSERT INTO tb_cita VALUES(10159,'20200201','17:00:00','M0014','P0006',1,''); 
INSERT INTO tb_cita VALUES(10160,'20200204','17:30:00','M0009','P0007',1,''); 
INSERT INTO tb_cita VALUES(10161,'20200208','18:00:00','M0022','P0008',1,''); 
INSERT INTO tb_cita VALUES(10162,'20200213','18:30:00','M0013','P0012',1,''); 
INSERT INTO tb_cita VALUES(10163,'20200216', '9:00:00','M0029','P0014',1,''); 
INSERT INTO tb_cita VALUES(10164,'20200216', '9:30:00','M0018','P0009',1,''); 
INSERT INTO tb_cita VALUES(10165,'20200218','10:00:00','M0024','P0015',1,''); 
INSERT INTO tb_cita VALUES(10166,'20200220','10:30:00','M0015','P0010',1,''); 
INSERT INTO tb_cita VALUES(10167,'20200220','11:00:00','M0025','P0013',1,''); 
INSERT INTO tb_cita VALUES(10168,'20200223','11:30:00','M0007','P0011',1,''); 
INSERT INTO tb_cita VALUES(10169,'20200226','12:00:00','M0009','P0016',1,''); 
INSERT INTO tb_cita VALUES(10170,'20200226','12:30:00','M0004','P0018',1,'');
INSERT INTO tb_cita VALUES(10171,'20200228','14:00:00','M0002','P0020',1,'');
INSERT INTO tb_cita VALUES(10172,'20200228','14:30:00','M0020','P0017',1,'');
INSERT INTO tb_cita VALUES(10173,'20200301','15:00:00','M0014','P0006',1,''); 
INSERT INTO tb_cita VALUES(10174,'20200301','15:30:00','M0015','P0030',1,'');  
INSERT INTO tb_cita VALUES(10175,'20200304','16:00:00','M0007','P0034',1,'');  
INSERT INTO tb_cita VALUES(10176,'20200304','16:30:00','M0009','P0033',1,'');  
INSERT INTO tb_cita VALUES(10177,'20200308','17:00:00','M0008','P0007',1,''); 
INSERT INTO tb_cita VALUES(10178,'20200308','17:30:00','M0017','P0008',1,''); 
INSERT INTO tb_cita VALUES(10179,'20200308','18:00:00','M0013','P0012',1,''); 
INSERT INTO tb_cita VALUES(10180,'20200310','18:30:00','M0023','P0030',1,'');  
INSERT INTO tb_cita VALUES(10181,'20200312', '9:00:00','M0019','P0014',1,''); 
INSERT INTO tb_cita VALUES(10182,'20200313', '9:30:00','M0020','P0009',1,''); 
INSERT INTO tb_cita VALUES(10183,'20200313','10:00:00','M0008','P0007',1,''); 
INSERT INTO tb_cita VALUES(10184,'20200315','10:30:00','M0022','P0015',1,''); 
INSERT INTO tb_cita VALUES(10185,'20200316','11:00:00','M0021','P0001',1,''); 
INSERT INTO tb_cita VALUES(10186,'20200316','11:30:00','M0029','P0002',1,''); 
INSERT INTO tb_cita VALUES(10187,'20200319','12:00:00','M0018','P0003',1,''); 
INSERT INTO tb_cita VALUES(10188,'20200321','12:30:00','M0021','P0004',1,''); 
INSERT INTO tb_cita VALUES(10189,'20200321','14:00:00','M0012','P0005',1,''); 
INSERT INTO tb_cita VALUES(10190,'20200324','14:30:00','M0014','P0006',1,''); 
INSERT INTO tb_cita VALUES(10191,'20200324','15:00:00','M0007','P0007',1,''); 
INSERT INTO tb_cita VALUES(10192,'20200325','15:30:00','M0029','P0008',1,''); 
INSERT INTO tb_cita VALUES(10193,'20200327','16:00:00','M0016','P0012',1,''); 
INSERT INTO tb_cita VALUES(10194,'20200327','16:30:00','M0003','P0014',1,''); 
INSERT INTO tb_cita VALUES(10195,'20200328','17:00:00','M0005','P0009',1,''); 
INSERT INTO tb_cita VALUES(10196,'20200328','17:30:00','M0004','P0015',1,''); 
INSERT INTO tb_cita VALUES(10197,'20200329','18:00:00','M0007','P0007',1,''); 
INSERT INTO tb_cita VALUES(10198,'20200329','18:30:00','M0020','P0009',1,''); 
INSERT INTO tb_cita VALUES(10199,'20200330', '9:00:00','M0008','P0007',1,''); 
INSERT INTO tb_cita VALUES(10200,'20200330', '9:30:00','M0022','P0015',1,''); 
INSERT INTO tb_cita VALUES(10201,'20200331','10:00:00','M0021','P0001',1,''); 
INSERT INTO tb_cita VALUES(10202,'20200331','10:30:00','M0023','P0002',1,''); 
INSERT INTO tb_cita VALUES(10203,'20200331','11:00:00','M0018','P0003',1,''); 
INSERT INTO tb_cita VALUES(10204,'20200402','11:30:00','M0005','P0021',1,''); 
INSERT INTO tb_cita VALUES(10205,'20200402','12:00:00','M0010','P0019',1,'');
INSERT INTO tb_cita VALUES(10206,'20200406','12:30:00','M0016','P0001',1,''); 
INSERT INTO tb_cita VALUES(10207,'20200406','14:00:00','M0006','P0002',1,''); 
INSERT INTO tb_cita VALUES(10208,'20200410','14:30:00','M0003','P0003',1,''); 
INSERT INTO tb_cita VALUES(10209,'20200410','15:00:00','M0007','P0004',1,''); 
INSERT INTO tb_cita VALUES(10210,'20200410','15:30:00','M0008','P0005',1,''); 
INSERT INTO tb_cita VALUES(10211,'20200414','16:00:00','M0014','P0006',1,''); 
INSERT INTO tb_cita VALUES(10212,'20200414','16:30:00','M0018','P0007',1,''); 
INSERT INTO tb_cita VALUES(10213,'20200419','17:00:00','M0007','P0008',1,''); 
INSERT INTO tb_cita VALUES(10214,'20200419','17:30:00','M0003','P0012',1,''); 
INSERT INTO tb_cita VALUES(10215,'20200419','18:00:00','M0009','P0014',1,'');
INSERT INTO tb_cita VALUES(10216,'20200512','18:30:00','M0018','P0023',1,'');  
INSERT INTO tb_cita VALUES(10217,'20200512', '9:00:00','M0015','P0028',1,'');  
INSERT INTO tb_cita VALUES(10218,'20200513', '9:30:00','M0023','P0011',1,''); 
INSERT INTO tb_cita VALUES(10219,'20200514','10:00:00','M0017','P0025',1,'');  
INSERT INTO tb_cita VALUES(10220,'20200514','10:30:00','M0019','P0026',1,'');  
INSERT INTO tb_cita VALUES(10221,'20200515','11:00:00','M0021','P0024',1,'');  
INSERT INTO tb_cita VALUES(10222,'20200515','11:30:00','M0023','P0027',1,'');  
INSERT INTO tb_cita VALUES(10223,'20200516','12:00:00','M0004','P0006',1,''); 
INSERT INTO tb_cita VALUES(10224,'20200518','12:30:00','M0005','P0030',1,'');  
INSERT INTO tb_cita VALUES(10225,'20200519','14:00:00','M0007','P0034',1,'');  
INSERT INTO tb_cita VALUES(10226,'20200519','14:30:00','M0009','P0033',1,'');  
INSERT INTO tb_cita VALUES(10227,'20200521','15:00:00','M0008','P0007',1,''); 
INSERT INTO tb_cita VALUES(10228,'20200521','15:30:00','M0017','P0008',1,''); 
INSERT INTO tb_cita VALUES(10229,'20200522','16:00:00','M0013','P0012',1,''); 
INSERT INTO tb_cita VALUES(10230,'20200522','16:30:00','M0023','P0030',1,'');  
INSERT INTO tb_cita VALUES(10231,'20200522','17:00:00','M0019','P0014',1,''); 
INSERT INTO tb_cita VALUES(10232,'20200523','17:30:00','M0020','P0009',1,''); 
INSERT INTO tb_cita VALUES(10233,'20200523','18:00:00','M0008','P0007',1,''); 
INSERT INTO tb_cita VALUES(10234,'20200523','18:30:00','M0022','P0015',1,''); 
INSERT INTO tb_cita VALUES(10235,'20200526', '9:00:00','M0021','P0001',1,''); 
INSERT INTO tb_cita VALUES(10236,'20200526', '9:30:00','M0023','P0002',1,''); 
INSERT INTO tb_cita VALUES(10237,'20200527','10:00:00','M0018','P0003',1,''); 
INSERT INTO tb_cita VALUES(10238,'20200623','10:30:00','M0020','P0009',1,''); 
INSERT INTO tb_cita VALUES(10239,'20200623','11:00:00','M0008','P0007',1,''); 
INSERT INTO tb_cita VALUES(10240,'20200623','11:30:00','M0022','P0015',1,''); 
INSERT INTO tb_cita VALUES(10241,'20200626','12:00:00','M0021','P0001',1,''); 
INSERT INTO tb_cita VALUES(10242,'20200626','12:30:00','M0023','P0002',1,''); 
INSERT INTO tb_cita VALUES(10243,'20200627','14:00:00','M0018','P0003',1,''); 
INSERT INTO tb_cita VALUES(10244,'20200627','14:30:00','M0021','P0004',1,'');  
INSERT INTO tb_cita VALUES(10245,'20200627','15:00:00','M0012','P0005',1,'');  
INSERT INTO tb_cita VALUES(10246,'20200628','15:30:00','M0014','P0006',1,'');  
INSERT INTO tb_cita VALUES(10247,'20200628','16:00:00','M0007','P0007',1,'');  
INSERT INTO tb_cita VALUES(10248,'20200629','16:30:00','M0013','P0008',1,'');  
INSERT INTO tb_cita VALUES(10249,'20200629','17:00:00','M0016','P0012',1,''); 
INSERT INTO tb_cita VALUES(10250,'20200630','17:30:00','M0003','P0014',1,''); 
INSERT INTO tb_cita VALUES(10251,'20200630','18:00:00','M0005','P0009',1,''); 
INSERT INTO tb_cita VALUES(10252,'20200630','18:30:00','M0004','P0015',1,''); 
INSERT INTO tb_cita VALUES(10253,'20200630', '9:00:00','M0007','P0007',1,''); 
INSERT INTO tb_cita VALUES(10254,'20200718', '9:30:00','M0023','P0027',2,'Cita Anulada');  
INSERT INTO tb_cita VALUES(10255,'20200718','10:00:00','M0025','P0030',1,'');  
INSERT INTO tb_cita VALUES(10256,'20200719','10:30:00','M0027','P0034',1,'');  
INSERT INTO tb_cita VALUES(10257,'20200720','11:00:00','M0029','P0033',1,'');  
INSERT INTO tb_cita VALUES(10258,'20200721','11:30:00','M0011','P0032',1,'');  
INSERT INTO tb_cita VALUES(10259,'20200725','12:00:00','M0013','P0031',1,'');  
INSERT INTO tb_cita VALUES(10260,'20200725','12:30:00','M0012','P0035',1,'');  
INSERT INTO tb_cita VALUES(10261,'20200728','14:00:00','M0014','P0029',1,'');  
INSERT INTO tb_cita VALUES(10262,'20200728','14:30:00','M0016','P0040',2,'Cita Anulada');  
INSERT INTO tb_cita VALUES(10263,'20200729','15:00:00','M0018','P0042',1,'');  
INSERT INTO tb_cita VALUES(10264,'20200729','15:30:00','M0020','P0038',1,'');  
INSERT INTO tb_cita VALUES(10265,'20200730','16:00:00','M0012','P0043',1,'');  
INSERT INTO tb_cita VALUES(10266,'20200730','16:30:00','M0014','P0045',1,'');  
INSERT INTO tb_cita VALUES(10267,'20200730','17:00:00','M0029','P0037',1,'');  
INSERT INTO tb_cita VALUES(10268,'20200810','17:30:00','M0001','P0001',1,''); 
INSERT INTO tb_cita VALUES(10269,'20200810','18:00:00','M0003','P0002',1,''); 
INSERT INTO tb_cita VALUES(10270,'20200810','18:30:00','M0008','P0003',1,''); 
INSERT INTO tb_cita VALUES(10271,'20200811', '9:00:00','M0001','P0004',1,''); 
INSERT INTO tb_cita VALUES(10272,'20200811', '9:30:00','M0002','P0005',2,'Cita Anulada'); 
INSERT INTO tb_cita VALUES(10273,'20200814','10:00:00','M0004','P0006',1,''); 
INSERT INTO tb_cita VALUES(10274,'20200814','10:30:00','M0009','P0007',1,''); 
INSERT INTO tb_cita VALUES(10275,'20200814','11:00:00','M0012','P0008',1,''); 
INSERT INTO tb_cita VALUES(10276,'20200816','11:30:00','M0003','P0012',1,''); 
INSERT INTO tb_cita VALUES(10277,'20200816','12:00:00','M0009','P0014',1,''); 
INSERT INTO tb_cita VALUES(10278,'20200818','12:30:00','M0018','P0009',1,''); 
INSERT INTO tb_cita VALUES(10279,'20200818','14:00:00','M0014','P0015',1,''); 
INSERT INTO tb_cita VALUES(10280,'20200820','14:30:00','M0015','P0010',2,'Cita Anulada'); 
INSERT INTO tb_cita VALUES(10281,'20200820','15:00:00','M0005','P0013',1,''); 
INSERT INTO tb_cita VALUES(10282,'20200823','15:30:00','M0017','P0011',1,''); 
INSERT INTO tb_cita VALUES(10283,'20200826','16:00:00','M0019','P0016',1,''); 
INSERT INTO tb_cita VALUES(10284,'20200826','16:30:00','M0004','P0018',1,'');
INSERT INTO tb_cita VALUES(10285,'20200829','17:00:00','M0022','P0020',1,'');
INSERT INTO tb_cita VALUES(10286,'20200831','17:30:00','M0020','P0017',1,'');
INSERT INTO tb_cita VALUES(10287,'20200902','18:00:00','M0005','P0021',1,''); 
INSERT INTO tb_cita VALUES(10288,'20200902','18:30:00','M0010','P0019',1,'');
INSERT INTO tb_cita VALUES(10289,'20200906', '9:00:00','M0016','P0001',1,''); 
INSERT INTO tb_cita VALUES(10290,'20200906', '9:30:00','M0006','P0002',1,''); 
INSERT INTO tb_cita VALUES(10291,'20200910','10:00:00','M0003','P0003',1,''); 
INSERT INTO tb_cita VALUES(10292,'20200910','10:30:00','M0007','P0004',1,''); 
INSERT INTO tb_cita VALUES(10293,'20200910','11:00:00','M0008','P0005',1,''); 
INSERT INTO tb_cita VALUES(10294,'20200914','11:30:00','M0014','P0006',1,''); 
INSERT INTO tb_cita VALUES(10295,'20200914','12:00:00','M0018','P0007',1,''); 
INSERT INTO tb_cita VALUES(10296,'20200919','12:30:00','M0007','P0008',1,''); 
INSERT INTO tb_cita VALUES(10297,'20200919','14:00:00','M0003','P0012',1,''); 
INSERT INTO tb_cita VALUES(10298,'20200919','14:30:00','M0009','P0014',1,''); 
INSERT INTO tb_cita VALUES(10299,'20200922','15:00:00','M0010','P0009',1,''); 
INSERT INTO tb_cita VALUES(10300,'20200922','15:30:00','M0012','P0015',1,''); 
INSERT INTO tb_cita VALUES(10301,'20200925','16:00:00','M0011','P0010',1,''); 
INSERT INTO tb_cita VALUES(10302,'20200925','16:30:00','M0011','P0013',1,''); 
INSERT INTO tb_cita VALUES(10303,'20200925','17:00:00','M0015','P0011',1,''); 
INSERT INTO tb_cita VALUES(10304,'20200927','17:30:00','M0019','P0016',1,''); 
INSERT INTO tb_cita VALUES(10305,'20200927','18:00:00','M0021','P0018',1,''); 
INSERT INTO tb_cita VALUES(10306,'20200928','18:30:00','M0022','P0020',1,'');  
INSERT INTO tb_cita VALUES(10307,'20200929', '9:00:00','M0021','P0017',1,'');  
INSERT INTO tb_cita VALUES(10308,'20200930', '9:30:00','M0022','P0021',1,'');  
INSERT INTO tb_cita VALUES(10309,'20200930','10:00:00','M0023','P0019',1,'');                                                                            
INSERT INTO tb_cita VALUES(10310,'20201001','10:00:00','M0003','P0058',1,''); 
INSERT INTO tb_cita VALUES(10311,'20201002','10:30:00','M0007','P0057',1,''); 
INSERT INTO tb_cita VALUES(10312,'20201003','11:00:00','M0008','P0056',1,''); 
INSERT INTO tb_cita VALUES(10313,'20201004','11:30:00','M0014','P0055',1,''); 
INSERT INTO tb_cita VALUES(10314,'20201005','12:00:00','M0018','P0053',2,'Cita Anulada');  
INSERT INTO tb_cita VALUES(10315,'20201006','12:30:00','M0007','P0052',1,''); 
INSERT INTO tb_cita VALUES(10316,'20201007','14:00:00','M0003','P0051',1,''); 
INSERT INTO tb_cita VALUES(10317,'20201008','14:30:00','M0009','P0050',1,''); 
INSERT INTO tb_cita VALUES(10318,'20201009','15:00:00','M0010','P0049',1,''); 
INSERT INTO tb_cita VALUES(10319,'20201010','15:30:00','M0012','P0048',1,''); 
INSERT INTO tb_cita VALUES(10320,'20201011','16:00:00','M0011','P0047',1,''); 
INSERT INTO tb_cita VALUES(10321,'20201012','16:30:00','M0011','P0046',1,''); 
INSERT INTO tb_cita VALUES(10322,'20201013','17:00:00','M0015','P0045',1,''); 
INSERT INTO tb_cita VALUES(10323,'20201014','17:30:00','M0019','P0044',1,''); 
INSERT INTO tb_cita VALUES(10324,'20201015','18:00:00','M0021','P0043',1,''); 
INSERT INTO tb_cita VALUES(10325,'20201016','18:30:00','M0022','P0042',1,'');   
INSERT INTO tb_cita VALUES(10326,'20201017','10:00:00','M0003','P0041',1,'');  
INSERT INTO tb_cita VALUES(10327,'20201018','10:30:00','M0007','P0040',1,'');  
INSERT INTO tb_cita VALUES(10328,'20201019','11:00:00','M0008','P0039',2,'Cita Anulada'); 
INSERT INTO tb_cita VALUES(10329,'20201020','11:30:00','M0014','P0038',1,''); 
INSERT INTO tb_cita VALUES(10330,'20201021','12:00:00','M0018','P0037',1,''); 
INSERT INTO tb_cita VALUES(10331,'20201022','12:30:00','M0007','P0036',1,''); 
INSERT INTO tb_cita VALUES(10332,'20201023','14:00:00','M0003','P0035',1,''); 
INSERT INTO tb_cita VALUES(10333,'20201024','14:30:00','M0009','P0034',1,''); 
INSERT INTO tb_cita VALUES(10334,'20201025','15:00:00','M0010','P0033',1,''); 
INSERT INTO tb_cita VALUES(10335,'20201026','15:30:00','M0012','P0032',1,''); 
INSERT INTO tb_cita VALUES(10336,'20201027','16:00:00','M0011','P0031',1,'');   
INSERT INTO tb_cita VALUES(10337,'20201028','16:30:00','M0011','P0030',1,'');   	                                                             